{
    "0.25": {
        "0": {
            "SEED": 98314,
            "veh_avg_waiting_time": 48.6,
            "ped_avg_waiting_time": 3.0434782608695654
        },
        "1": {
            "SEED": 350354,
            "veh_avg_waiting_time": 75.4,
            "ped_avg_waiting_time": 3.0434782608695654
        },
        "2": {
            "SEED": 319518,
            "veh_avg_waiting_time": 63.8,
            "ped_avg_waiting_time": 2.217391304347826
        },
        "3": {
            "SEED": 397591,
            "veh_avg_waiting_time": 23.6,
            "ped_avg_waiting_time": 0.6521739130434783
        }
    },
    "0.5": {
        "0": {
            "SEED": 999918,
            "veh_avg_waiting_time": 41.0,
            "ped_avg_waiting_time": 1.1666666666666667
        },
        "1": {
            "SEED": 270652,
            "veh_avg_waiting_time": 38.285714285714285,
            "ped_avg_waiting_time": 11.907407407407407
        },
        "2": {
            "SEED": 423535,
            "veh_avg_waiting_time": 8.428571428571429,
            "ped_avg_waiting_time": 2.925925925925926
        },
        "3": {
            "SEED": 306778,
            "veh_avg_waiting_time": 83.71428571428571,
            "ped_avg_waiting_time": 4.203703703703703
        }
    },
    "0.75": {
        "0": {
            "SEED": 657863,
            "veh_avg_waiting_time": 99.125,
            "ped_avg_waiting_time": 0.6741573033707865
        },
        "1": {
            "SEED": 109542,
            "veh_avg_waiting_time": 26.875,
            "ped_avg_waiting_time": 2.146067415730337
        },
        "2": {
            "SEED": 770651,
            "veh_avg_waiting_time": 70.0,
            "ped_avg_waiting_time": 1.247191011235955
        },
        "3": {
            "SEED": 10756,
            "veh_avg_waiting_time": 33.5,
            "ped_avg_waiting_time": 0.550561797752809
        }
    },
    "1.0": {
        "0": {
            "SEED": 687198,
            "veh_avg_waiting_time": 35.0,
            "ped_avg_waiting_time": 0.6216216216216216
        },
        "1": {
            "SEED": 336625,
            "veh_avg_waiting_time": 44.84615384615385,
            "ped_avg_waiting_time": 1.8198198198198199
        },
        "2": {
            "SEED": 561055,
            "veh_avg_waiting_time": 23.53846153846154,
            "ped_avg_waiting_time": 5.027027027027027
        },
        "3": {
            "SEED": 387629,
            "veh_avg_waiting_time": 127.23076923076923,
            "ped_avg_waiting_time": 2.810810810810811
        }
    },
    "1.25": {
        "0": {
            "SEED": 148476,
            "veh_avg_waiting_time": 58.611111111111114,
            "ped_avg_waiting_time": 0.9724137931034482
        },
        "1": {
            "SEED": 812934,
            "veh_avg_waiting_time": 51.833333333333336,
            "ped_avg_waiting_time": 0.47586206896551725
        },
        "2": {
            "SEED": 224581,
            "veh_avg_waiting_time": 82.22222222222223,
            "ped_avg_waiting_time": 0.2482758620689655
        },
        "3": {
            "SEED": 208563,
            "veh_avg_waiting_time": 23.61111111111111,
            "ped_avg_waiting_time": 1.896551724137931
        }
    },
    "1.5": {
        "0": {
            "SEED": 943450,
            "veh_avg_waiting_time": 25.473684210526315,
            "ped_avg_waiting_time": 3.0419161676646707
        },
        "1": {
            "SEED": 808175,
            "veh_avg_waiting_time": 41.68421052631579,
            "ped_avg_waiting_time": 0.9341317365269461
        },
        "2": {
            "SEED": 735448,
            "veh_avg_waiting_time": 35.05263157894737,
            "ped_avg_waiting_time": 1.7321428571428572
        },
        "3": {
            "SEED": 425424,
            "veh_avg_waiting_time": 54.473684210526315,
            "ped_avg_waiting_time": 1.6071428571428572
        }
    },
    "1.75": {
        "0": {
            "SEED": 464017,
            "veh_avg_waiting_time": 98.5909090909091,
            "ped_avg_waiting_time": 1.5125628140703518
        },
        "1": {
            "SEED": 104983,
            "veh_avg_waiting_time": 40.13636363636363,
            "ped_avg_waiting_time": 1.4271356783919598
        },
        "2": {
            "SEED": 317032,
            "veh_avg_waiting_time": 41.13636363636363,
            "ped_avg_waiting_time": 0.7437185929648241
        },
        "3": {
            "SEED": 698872,
            "veh_avg_waiting_time": 57.18181818181818,
            "ped_avg_waiting_time": 1.2110552763819096
        }
    },
    "2.0": {
        "0": {
            "SEED": 299819,
            "veh_avg_waiting_time": 36.666666666666664,
            "ped_avg_waiting_time": 5.93859649122807
        },
        "1": {
            "SEED": 385842,
            "veh_avg_waiting_time": 32.233333333333334,
            "ped_avg_waiting_time": 1.1434782608695653
        },
        "2": {
            "SEED": 177582,
            "veh_avg_waiting_time": 17.133333333333333,
            "ped_avg_waiting_time": 1.800865800865801
        },
        "3": {
            "SEED": 497296,
            "veh_avg_waiting_time": 50.96666666666667,
            "ped_avg_waiting_time": 11.35064935064935
        }
    },
    "2.25": {
        "0": {
            "SEED": 273988,
            "veh_avg_waiting_time": 100.26470588235294,
            "ped_avg_waiting_time": 4.996309963099631
        },
        "1": {
            "SEED": 764222,
            "veh_avg_waiting_time": 35.88235294117647,
            "ped_avg_waiting_time": 2.4059040590405902
        },
        "2": {
            "SEED": 430890,
            "veh_avg_waiting_time": 44.85294117647059,
            "ped_avg_waiting_time": 33.14391143911439
        },
        "3": {
            "SEED": 776581,
            "veh_avg_waiting_time": 78.44117647058823,
            "ped_avg_waiting_time": 1.915129151291513
        }
    },
    "2.5": {
        "0": {
            "SEED": 237663,
            "veh_avg_waiting_time": 62.97142857142857,
            "ped_avg_waiting_time": 1.306930693069307
        },
        "1": {
            "SEED": 829018,
            "veh_avg_waiting_time": 46.6,
            "ped_avg_waiting_time": 1.3795379537953796
        },
        "2": {
            "SEED": 89644,
            "veh_avg_waiting_time": 40.885714285714286,
            "ped_avg_waiting_time": 0.7458745874587459
        },
        "3": {
            "SEED": 59785,
            "veh_avg_waiting_time": 32.77142857142857,
            "ped_avg_waiting_time": 1.0792079207920793
        }
    },
    "2.75": {
        "0": {
            "SEED": 736632,
            "veh_avg_waiting_time": 35.25,
            "ped_avg_waiting_time": 1.978658536585366
        },
        "1": {
            "SEED": 519430,
            "veh_avg_waiting_time": 36.25,
            "ped_avg_waiting_time": 1.3689024390243902
        },
        "2": {
            "SEED": 548416,
            "veh_avg_waiting_time": 60.083333333333336,
            "ped_avg_waiting_time": 1.8231707317073171
        },
        "3": {
            "SEED": 987155,
            "veh_avg_waiting_time": 114.83333333333333,
            "ped_avg_waiting_time": 1.3323170731707317
        }
    },
    "3.0": {
        "0": {
            "SEED": 886334,
            "veh_avg_waiting_time": 33.725,
            "ped_avg_waiting_time": 1.1875
        },
        "1": {
            "SEED": 951103,
            "veh_avg_waiting_time": 81.125,
            "ped_avg_waiting_time": 3.8923512747875355
        },
        "2": {
            "SEED": 605807,
            "veh_avg_waiting_time": 91.275,
            "ped_avg_waiting_time": 1.5807365439093484
        },
        "3": {
            "SEED": 542366,
            "veh_avg_waiting_time": 50.9,
            "ped_avg_waiting_time": 2.492917847025496
        }
    },
    "3.25": {
        "0": {
            "SEED": 711272,
            "veh_avg_waiting_time": 54.78048780487805,